{
    "model_name": "Random Forest",
    "threshold": 0.6,
    "threshold_selection_metric": "f1",
    "validation_best_f1": 0.8031496062992126,
    "feature_columns": [
        "Time",
        "V1",
        "V2",
        "V3",
        "V4",
        "V5",
        "V6",
        "V7",
        "V8",
        "V9",
        "V10",
        "V11",
        "V12",
        "V13",
        "V14",
        "V15",
        "V16",
        "V17",
        "V18",
        "V19",
        "V20",
        "V21",
        "V22",
        "V23",
        "V24",
        "V25",
        "V26",
        "V27",
        "V28",
        "Amount"
    ],
    "test_precision": 0.9655172413793104,
    "test_recall": 0.7567567567567568,
    "test_f1": 0.8484848484848485,
    "test_roc_auc": 0.9429332258538786,
    "test_pr_auc": 0.8084566192144848,
    "tn": 42646,
    "fp": 2,
    "fn": 18,
    "tp": 56
}